Store,ST_AS,Sales,Customers,Promo,StateHoliday,SchoolHoliday,Promo2,PromoInterval
1,2,3945.705,467.646,0.382,0.044,0.205,0,0
2,0,4122.992,486.046,0.382,0.041,0.177,1,0
3,0,5741.254,620.287,0.382,0.046,0.18,1,0
4,10,8021.77,1100.057,0.382,0.04,0.184,0,0
5,0,3867.11,444.361,0.382,0.048,0.183,0,0
6,0,4562.376,525.99,0.382,0.048,0.183,0,0
7,8,7356.902,791.475,0.382,0.04,0.169,0,0
8,0,4610.252,547.799,0.382,0.04,0.169,0,0
9,8,5426.816,479.487,0.382,0.046,0.18,0,0
10,0,4634.439,494.332,0.382,0.04,0.222,0,0
11,8,6683.955,940.544,0.382,0.04,0.169,1,0
12,8,6316.608,746.508,0.382,0.04,0.169,1,0
13,3,4124.773,313.641,0.377,0.051,0.164,1,1
14,0,4555.386,522.201,0.382,0.046,0.18,1,0
15,11,5553.62,552.131,0.382,0.04,0.169,1,0
16,8,6335.341,703.158,0.382,0.049,0.165,0,0
17,0,5259.541,657.208,0.382,0.041,0.177,1,0
18,11,5446.005,592.128,0.382,0.041,0.177,1,0
19,8,5346.252,516.58,0.382,0.046,0.18,1,2
20,3,6334.489,692.953,0.377,0.051,0.164,1,0
21,10,4522.041,425.916,0.382,0.049,0.165,1,0
22,0,3695.918,411.78,0.377,0.051,0.164,1,0
23,3,4565.073,398.958,0.382,0.046,0.159,0,0
24,8,7763.774,690.87,0.382,0.046,0.18,1,0
25,2,8892.311,1250.289,0.382,0.046,0.18,0,0
26,3,5538.499,461.623,0.382,0.041,0.177,0,0
27,0,7838.438,888.787,0.382,0.046,0.18,1,0
28,0,4332.219,475.792,0.382,0.046,0.178,1,2
29,11,6090.403,540.587,0.382,0.046,0.18,0,0
30,0,4367.352,641.006,0.382,0.046,0.18,1,2
31,11,4879.133,487.754,0.382,0.04,0.169,0,0
32,0,3332.608,390.941,0.377,0.051,0.164,1,1
33,8,6976.813,691.598,0.382,0.046,0.18,0,0
34,2,6684.379,826.828,0.382,0.04,0.184,0,0
35,11,8024.09,603.398,0.382,0.046,0.18,1,0
36,8,7683.619,894.694,0.377,0.051,0.164,1,0
37,2,5890.714,646.763,0.382,0.046,0.178,0,0
38,3,4965.623,442.711,0.382,0.046,0.18,0,0
39,0,4012.901,520.67,0.382,0.046,0.18,1,1
40,0,4038.445,546.842,0.382,0.046,0.18,1,1
41,11,4377.846,326.558,0.377,0.051,0.164,1,0
42,8,8416.951,909.701,0.382,0.046,0.18,1,0
43,3,5642.304,504.58,0.382,0.046,0.18,1,0
44,0,4559.601,532.703,0.382,0.04,0.184,0,0
45,3,4422.992,343.505,0.382,0.046,0.159,0,0
46,2,4391.985,541.995,0.377,0.051,0.164,1,0
47,8,5946.667,766.231,0.382,0.04,0.179,1,0
48,0,3274.962,357.239,0.382,0.04,0.179,0,0
49,11,6024.73,438.574,0.382,0.049,0.165,0,0
50,3,3519.617,296.714,0.382,0.046,0.159,0,0
51,8,5477.609,407.818,0.377,0.051,0.164,1,0
52,11,6078.815,413.161,0.377,0.051,0.164,1,0
53,8,4381.751,471.656,0.382,0.04,0.169,0,0
54,11,6589.616,608.732,0.382,0.046,0.178,1,1
55,0,3808.081,462.837,0.382,0.048,0.183,0,0
56,11,6070.372,420.296,0.382,0.044,0.205,1,2
57,11,8657.785,808.027,0.382,0.048,0.183,0,0
58,8,5207.687,421.756,0.377,0.051,0.164,1,0
59,8,4566.907,468.217,0.382,0.041,0.177,1,0
60,11,6651.601,590.774,0.382,0.048,0.183,0,0
61,8,3894.902,471.593,0.382,0.049,0.165,1,0
62,0,5378.463,593.746,0.382,0.046,0.18,0,0
63,10,5789.605,531.699,0.382,0.04,0.169,1,1
64,11,8566.953,655.661,0.382,0.046,0.18,1,0
65,8,4233.607,377.497,0.382,0.046,0.178,1,0
66,3,5043.374,432.263,0.382,0.049,0.165,1,0
67,8,6457.621,658.489,0.382,0.049,0.165,0,0
68,8,6294.682,958.739,0.382,0.04,0.169,1,2
69,10,7815.349,981.36,0.382,0.044,0.205,1,0
70,10,5485.645,563.752,0.382,0.04,0.222,0,0
71,0,7493.201,617.676,0.382,0.046,0.18,1,2
72,0,3632.818,390.288,0.377,0.051,0.164,1,0
73,8,3809.29,411.255,0.382,0.04,0.169,0,0
74,0,5154.082,703.691,0.382,0.046,0.18,0,0
75,11,5013.151,534.435,0.382,0.04,0.169,0,0
76,11,7396.726,762.802,0.377,0.051,0.164,0,0
77,11,6318.878,549.547,0.382,0.044,0.205,1,0
78,0,3078.162,409.756,0.382,0.046,0.178,1,1
79,0,4515.377,462.313,0.382,0.049,0.165,0,0
80,3,6298.383,477.775,0.382,0.046,0.159,0,0
81,0,5732.319,460.755,0.377,0.051,0.164,1,0
82,0,7458.928,693.459,0.382,0.046,0.18,1,0
83,0,3214.993,285.997,0.382,0.046,0.18,0,0
84,8,10714.142,1151.391,0.382,0.046,0.18,0,0
85,1,7272.454,1015.401,0.382,0.04,0.184,0,0
86,0,3877.63,499.638,0.382,0.046,0.18,1,0
87,0,4881.409,613.757,0.382,0.04,0.184,0,0
88,0,4988.384,507.986,0.382,0.046,0.178,0,0
89,0,4899.964,512.186,0.377,0.051,0.164,1,0
90,0,6951.429,873.029,0.382,0.046,0.18,0,0
91,2,4591.193,507.047,0.382,0.049,0.165,1,0
92,2,4959.041,452.397,0.382,0.046,0.18,1,1
93,0,4932.985,499.118,0.382,0.046,0.18,1,0
94,11,5888.929,529.376,0.382,0.046,0.18,0,0
95,0,6324.909,698.621,0.382,0.048,0.183,0,0
96,0,4286.596,449.431,0.382,0.048,0.183,1,0
97,11,5550.583,570.369,0.382,0.048,0.183,0,0
98,11,4225.673,373.445,0.382,0.046,0.18,1,0
99,10,4210.005,381.997,0.377,0.051,0.164,1,2
100,3,6367.327,548.613,0.377,0.051,0.164,0,0
101,11,6216.968,646.805,0.382,0.04,0.169,1,2
102,0,5779.359,858.565,0.382,0.046,0.18,1,2
103,11,3141.266,282.42,0.382,0.04,0.184,0,0
104,0,8428.031,1092.255,0.382,0.04,0.184,0,0
105,8,3554.98,412.258,0.382,0.049,0.165,1,2
106,0,7131.99,679.275,0.382,0.04,0.184,0,0
107,0,6106.036,795.079,0.382,0.04,0.222,0,0
108,11,9055.401,696.493,0.377,0.051,0.164,0,0
109,8,5380.074,617.859,0.382,0.04,0.169,0,0
110,8,3773.878,488.909,0.382,0.04,0.169,0,0
111,11,5614.366,495.524,0.382,0.044,0.205,1,0
112,0,5184.594,645.838,0.382,0.04,0.222,0,0
113,11,5907.422,573.843,0.377,0.051,0.164,0,0
114,2,4449.791,506.125,0.382,0.041,0.177,1,2
115,11,6049.065,452.997,0.377,0.051,0.164,1,0
116,0,6063.3,630.263,0.382,0.04,0.184,0,0
117,0,3210.238,406.92,0.382,0.046,0.18,0,0
118,11,6459.89,560.804,0.382,0.04,0.169,0,0
119,8,4997.863,553.431,0.382,0.04,0.169,0,0
120,3,5894.894,529.12,0.382,0.044,0.205,1,0
121,0,3687.34,417.418,0.382,0.048,0.183,1,2
122,8,6071.001,745.749,0.382,0.04,0.169,0,0
123,0,6847.759,782.494,0.382,0.046,0.178,0,0
124,0,3658.609,434.721,0.382,0.046,0.18,0,0
125,0,9851.475,1309.947,0.382,0.04,0.184,0,0
126,3,5381.677,449.713,0.382,0.046,0.18,1,1
127,3,4305.237,542.247,0.377,0.051,0.164,1,0
128,11,6180.572,493.044,0.382,0.044,0.205,1,0
129,0,7556.004,956.356,0.377,0.051,0.164,1,0
130,2,4245.807,475.685,0.382,0.044,0.205,1,0
131,2,4362.569,462.188,0.382,0.046,0.18,0,0
132,11,5155.917,477.91,0.377,0.051,0.164,1,0
133,0,5369.202,629.939,0.382,0.041,0.177,1,2
134,0,3933.226,411.639,0.382,0.04,0.184,0,0
135,3,4935.071,447.525,0.382,0.044,0.205,1,0
136,8,4504.017,347.91,0.377,0.051,0.164,1,1
137,0,6790.289,785.526,0.377,0.051,0.164,1,0
138,8,6073.499,591.577,0.382,0.048,0.183,0,0
139,0,5304.355,421.627,0.377,0.051,0.164,1,0
140,8,6192.493,798.918,0.382,0.044,0.205,1,0
141,10,4570.229,504.719,0.382,0.049,0.165,1,2
142,0,3807.313,470.324,0.382,0.046,0.18,0,0
143,3,5222.075,481.328,0.382,0.046,0.159,0,0
144,8,6363.956,600.997,0.377,0.051,0.164,0,0
145,0,6691.42,1016.905,0.377,0.051,0.164,1,1
146,11,6460.929,580.878,0.382,0.046,0.18,1,0
147,11,6791.489,727.411,0.382,0.046,0.18,0,0
148,0,7189.967,682.028,0.382,0.04,0.184,0,0
149,3,4568.569,398.982,0.377,0.051,0.164,1,0
150,10,7005.432,682.793,0.382,0.04,0.169,0,0
151,11,5593.945,539.879,0.382,0.046,0.178,0,0
152,0,4582.984,513.878,0.382,0.046,0.18,0,0
153,0,5843.999,524.195,0.382,0.046,0.18,1,1
154,11,7244.209,611.394,0.382,0.044,0.205,0,0
155,3,5660.302,542.707,0.377,0.051,0.164,1,0
156,0,5779.172,591.581,0.382,0.041,0.177,1,2
157,8,8040.397,818.554,0.382,0.046,0.18,0,0
158,11,6745.433,430.008,0.382,0.046,0.159,1,1
159,3,6368.579,572.02,0.377,0.051,0.164,0,0
160,11,4751.214,463.613,0.382,0.044,0.205,0,0
161,8,5997.637,677.464,0.382,0.046,0.18,0,0
162,11,6440.458,460.72,0.382,0.044,0.205,1,0
163,0,6074.507,724.746,0.382,0.04,0.184,0,0
164,0,5104.177,520.619,0.377,0.051,0.164,1,0
165,0,3279.724,346.822,0.377,0.051,0.164,1,0
166,8,4812.307,675.851,0.382,0.046,0.18,1,0
167,0,7697.142,873.72,0.382,0.046,0.178,0,0
168,0,6200.45,603.16,0.382,0.049,0.165,0,0
169,3,5870.169,559.389,0.382,0.046,0.18,1,1
170,0,4142.627,449.672,0.382,0.046,0.18,1,0
171,0,6970.601,717.18,0.382,0.046,0.18,0,0
172,0,5729.024,713.004,0.377,0.051,0.164,1,0
173,0,6851.913,837.712,0.382,0.04,0.184,0,0
174,0,4871.409,393.487,0.377,0.051,0.164,1,0
175,2,4814.316,574.857,0.382,0.04,0.179,0,0
176,0,4364.862,522.64,0.382,0.046,0.18,0,0
177,0,3307.213,401.822,0.382,0.046,0.178,1,1
178,3,8354.715,764.736,0.382,0.048,0.183,0,0
179,8,6032.929,790.438,0.382,0.046,0.18,0,0
180,3,6009.053,701.804,0.382,0.04,0.179,0,0
181,0,5245.938,549.678,0.377,0.051,0.164,1,0
182,11,4398.02,346.387,0.382,0.044,0.205,1,2
183,0,3886.327,484.476,0.377,0.051,0.164,0,0
184,11,5439.245,491.331,0.382,0.046,0.18,0,0
185,11,5967.902,453.778,0.382,0.04,0.184,0,0
186,0,3104.945,312.69,0.377,0.051,0.164,1,0
187,8,5226.445,645.6,0.382,0.04,0.169,0,0
188,3,4124.03,362.409,0.382,0.046,0.159,1,1
189,3,7246.626,692.273,0.382,0.046,0.159,0,0
190,0,5907.322,538.387,0.377,0.051,0.164,1,0
191,0,5611.898,585.778,0.377,0.051,0.164,1,0
192,11,7399.038,529.613,0.377,0.051,0.164,1,0
193,0,4422.826,644.744,0.382,0.049,0.165,0,0
194,11,3983.563,344.495,0.382,0.049,0.165,1,1
195,8,8859.413,1073.763,0.382,0.046,0.18,0,0
196,2,4330.334,578.492,0.382,0.041,0.177,1,0
197,2,5698.289,701.006,0.382,0.04,0.179,0,0
198,0,2407.933,280.987,0.382,0.041,0.177,1,0
199,11,6579.074,516.507,0.382,0.046,0.159,1,2
200,0,6392.054,800.214,0.382,0.046,0.18,0,0
201,3,4341.024,367.35,0.382,0.046,0.18,1,2
202,11,5029.074,422.33,0.382,0.044,0.205,0,0
203,10,5624.456,732.648,0.382,0.046,0.178,0,0
204,0,4501.908,430.131,0.377,0.051,0.164,1,0
205,0,5440.411,731.722,0.382,0.04,0.184,0,0
206,8,5919.037,661.493,0.382,0.046,0.18,1,0
207,0,9308.299,1082.271,0.382,0.04,0.169,0,0
208,2,2443.792,344.121,0.382,0.04,0.184,0,0
209,8,5231.873,540.428,0.382,0.04,0.169,1,0
210,3,2641.31,269.805,0.382,0.046,0.159,1,1
211,8,10814.827,1236.593,0.382,0.04,0.184,0,0
212,8,3974.644,383.476,0.382,0.04,0.169,0,0
213,11,6724.077,539.731,0.382,0.046,0.18,1,0
214,3,7717.124,591.652,0.382,0.046,0.18,1,0
215,3,5172.4,401.67,0.377,0.051,0.164,1,1
216,2,5953.268,731.246,0.382,0.046,0.18,1,1
217,2,3912.416,535.051,0.382,0.04,0.179,0,0
218,8,4118.146,571.451,0.377,0.051,0.164,1,2
219,0,2591.467,336.115,0.382,0.046,0.18,0,0
220,0,4041.817,531.028,0.382,0.046,0.18,0,0
221,11,4845.351,460.038,0.382,0.04,0.169,0,0
222,0,4146.758,467.374,0.382,0.04,0.184,0,0
223,11,6004.362,613.244,0.382,0.041,0.177,1,0
224,11,5468.487,394.818,0.382,0.049,0.165,1,0
225,3,4314.282,461.833,0.382,0.046,0.178,0,0
226,0,6016.926,582.858,0.382,0.044,0.205,0,0
227,0,4908.391,457.503,0.382,0.046,0.18,0,0
228,11,6571.171,490.486,0.382,0.046,0.18,1,1
229,11,7149.403,607.2,0.382,0.046,0.159,1,0
230,11,6293.34,782.524,0.382,0.04,0.169,0,0
231,11,3914.398,323.72,0.377,0.051,0.164,1,1
232,10,2742.273,247.068,0.382,0.046,0.178,1,2
233,0,7819.194,855.341,0.382,0.044,0.205,0,0
234,3,9156.406,847.408,0.382,0.046,0.18,0,0
235,0,4921.003,415.48,0.382,0.044,0.205,1,0
236,0,5925.412,719.739,0.382,0.04,0.184,0,0
237,0,3775.177,478.332,0.382,0.04,0.184,0,0
238,0,6230.229,895.584,0.382,0.046,0.18,1,1
239,11,4193.708,390.383,0.382,0.046,0.18,0,0
240,0,4004.921,382.64,0.382,0.04,0.184,0,0
241,11,5444.091,582.777,0.382,0.046,0.18,0,0
242,3,3393.532,303.318,0.382,0.044,0.205,1,0
243,0,5814.177,783.654,0.377,0.051,0.164,1,1
244,3,4359.008,446.844,0.382,0.046,0.18,1,0
245,8,7376.937,846.296,0.382,0.044,0.205,0,0
246,2,5893.362,780.088,0.382,0.04,0.179,0,0
247,11,7110.84,567.068,0.382,0.044,0.205,1,1
248,8,6959.599,925.932,0.382,0.04,0.169,1,0
249,11,4399.242,447.541,0.382,0.04,0.169,0,0
250,3,7022.884,545.488,0.382,0.044,0.205,1,1
251,8,15814.087,2026.469,0.382,0.046,0.18,0,0
252,11,8778.645,669.535,0.382,0.046,0.18,1,1
253,8,4752.333,571.195,0.382,0.046,0.18,1,1
254,3,2485.84,213.914,0.382,0.046,0.159,1,2
255,10,5185.999,529.557,0.382,0.046,0.18,1,1
256,8,8100.121,1027.413,0.382,0.046,0.18,1,2
257,0,4440.657,526.004,0.382,0.04,0.184,0,0
258,0,4629.794,405.273,0.377,0.051,0.164,1,0
259,5,11520.033,2347.113,0.382,0.044,0.205,0,0
260,0,5459.701,758.573,0.382,0.04,0.184,0,0
261,11,10433.38,784.735,0.382,0.041,0.177,1,0
262,1,20718.516,3402.011,0.382,0.04,0.179,0,0
263,8,3042.315,292.008,0.377,0.051,0.164,1,0
264,0,5851.901,772.011,0.382,0.04,0.184,0,0
265,0,4097.465,416.174,0.382,0.046,0.159,1,0
266,8,3634.831,440.003,0.382,0.048,0.183,1,2
267,2,7731.106,935.902,0.382,0.04,0.169,0,0
268,0,4062.463,497.723,0.382,0.04,0.222,0,0
269,8,7729.389,1018.075,0.382,0.046,0.18,0,0
270,0,7733.156,1002.944,0.382,0.04,0.184,0,0
271,0,6493.12,655.68,0.382,0.048,0.183,1,0
272,0,5171.277,521.961,0.382,0.044,0.205,1,0
273,8,5838.074,581.895,0.382,0.046,0.18,0,0
274,5,4027.614,982.203,0.382,0.044,0.205,1,0
275,3,6108.272,614.859,0.377,0.051,0.164,1,0
276,0,3387.614,431.359,0.382,0.048,0.183,1,2
277,11,5288.247,439.212,0.377,0.051,0.164,1,1
278,8,5944.224,659.658,0.382,0.04,0.169,0,0
279,11,7299.365,548.645,0.377,0.051,0.164,1,0
280,11,5169.68,429.791,0.382,0.049,0.165,1,2
281,11,4877.626,457.462,0.382,0.04,0.169,0,0
282,0,3669.14,533.472,0.382,0.04,0.184,0,0
283,0,5837.74,589.445,0.377,0.051,0.164,1,0
284,3,4442.008,369.206,0.377,0.051,0.164,1,0
285,0,4273.881,389.868,0.382,0.044,0.205,0,0
286,0,4075.13,355.971,0.382,0.041,0.177,0,0
287,2,6689.701,672.054,0.377,0.051,0.164,1,0
288,3,4616.367,346.71,0.377,0.051,0.164,1,2
289,3,5240.848,459.073,0.382,0.044,0.205,0,0
290,0,5800.455,564.573,0.382,0.046,0.18,0,0
291,3,6643.281,695.831,0.382,0.048,0.183,0,0
292,0,4695.279,574.518,0.382,0.04,0.184,0,0
293,10,5201.518,677.748,0.382,0.04,0.184,0,0
294,0,4784.065,635.101,0.382,0.044,0.205,0,0
295,0,4359.639,553.452,0.382,0.049,0.165,1,2
296,0,5773.315,625.801,0.382,0.044,0.205,1,1
297,0,5767.345,593.828,0.382,0.049,0.165,0,0
298,3,6891.741,567.255,0.377,0.051,0.164,0,0
299,11,5838.153,639.337,0.382,0.04,0.169,0,0
300,8,5875.456,729.445,0.382,0.044,0.205,1,0
301,8,4609.488,496.153,0.382,0.04,0.169,0,0
302,11,3102.679,268.076,0.382,0.044,0.205,1,2
303,0,5031.981,548.073,0.382,0.046,0.18,1,1
304,0,5882.249,878.828,0.382,0.04,0.222,0,0
305,10,4433.412,420.727,0.382,0.044,0.205,1,2
306,0,3585.007,383.933,0.377,0.051,0.164,1,0
307,0,2244.503,255.524,0.382,0.041,0.177,0,0
308,0,7625.508,765.131,0.382,0.046,0.18,1,0
309,3,5765.03,488.762,0.382,0.046,0.18,1,1
310,8,7842.907,666.246,0.382,0.04,0.169,1,2
311,8,5503.967,654.281,0.382,0.044,0.205,0,0
312,3,4616.487,446.59,0.382,0.044,0.205,0,0
313,11,5873.712,586.927,0.382,0.041,0.177,0,0
314,0,4248.705,472.41,0.382,0.046,0.18,1,1
315,8,3539.161,374.167,0.382,0.04,0.169,0,0
316,3,8150.246,745.788,0.382,0.046,0.18,0,0
317,3,4414.301,475.377,0.377,0.051,0.164,1,0
318,11,6233.141,545.459,0.382,0.048,0.183,0,0
319,8,6480.964,702.175,0.382,0.04,0.169,1,2
320,8,12346.304,1717.08,0.382,0.04,0.169,0,0
321,10,4933.639,484.779,0.382,0.048,0.183,1,2
322,0,4168.32,454.811,0.382,0.041,0.177,1,0
323,11,6090.886,513.662,0.382,0.046,0.159,1,1
324,0,4709.797,597.615,0.382,0.046,0.178,1,0
325,8,5362.568,556.597,0.382,0.046,0.18,1,1
326,3,4142.183,346.285,0.382,0.046,0.159,1,1
327,10,6382.774,767.662,0.382,0.046,0.178,0,0
328,0,3665.128,430.351,0.382,0.046,0.18,0,0
329,0,5716.567,513.149,0.382,0.046,0.18,1,2
330,8,3445.659,370.111,0.382,0.046,0.18,1,2
331,8,5094.806,678.28,0.382,0.046,0.159,1,0
332,0,3087.348,415.253,0.382,0.046,0.178,0,0
333,8,8133.95,1054.58,0.382,0.04,0.179,0,0
334,11,4489.079,464.869,0.382,0.046,0.18,1,2
335,1,13313.939,2385.282,0.382,0.046,0.18,1,0
336,0,11518.382,1623.188,0.382,0.044,0.205,0,0
337,11,4186.602,318.312,0.382,0.044,0.205,1,1
338,8,5984.312,517.956,0.382,0.044,0.205,1,0
339,8,4119.99,545.219,0.382,0.046,0.159,1,2
340,8,5397.817,595.106,0.382,0.04,0.169,0,0
341,0,4557.84,620.334,0.382,0.046,0.18,0,0
342,11,9097.19,696.154,0.377,0.051,0.164,1,0
343,3,5953.616,580.66,0.382,0.046,0.18,1,0
344,8,7058.587,948.299,0.382,0.04,0.179,1,0
345,0,3741.507,405.677,0.377,0.051,0.164,1,0
346,8,5648.577,512.468,0.382,0.046,0.18,0,0
347,11,3962.692,318.953,0.382,0.049,0.165,1,2
348,0,6933.214,579.325,0.377,0.051,0.164,1,0
349,10,6063.111,616.468,0.382,0.04,0.184,0,0
350,3,5814.498,438.93,0.382,0.044,0.205,1,0
351,0,5000.541,429.049,0.382,0.046,0.18,1,1
352,11,5569.756,530.119,0.382,0.04,0.169,1,2
353,5,5579.377,1432.601,0.382,0.049,0.165,1,1
354,11,6938.708,583.383,0.382,0.046,0.18,0,0
355,8,7614.297,916.883,0.382,0.04,0.169,0,0
356,11,4717.497,359.467,0.382,0.049,0.165,1,1
357,0,6355.542,829.287,0.382,0.048,0.183,0,0
358,0,8522.782,928.343,0.382,0.046,0.18,0,0
359,11,5665.741,506.061,0.382,0.046,0.159,0,0
360,0,5772.187,629.648,0.382,0.04,0.184,0,0
361,10,5189.139,528.134,0.382,0.046,0.178,1,1
362,10,7774.064,953.963,0.382,0.044,0.205,0,0
363,0,5937.593,779.91,0.382,0.04,0.184,0,0
364,8,3726.593,464.586,0.382,0.046,0.159,1,2
365,2,4457.268,481.075,0.377,0.051,0.164,1,1
366,11,5131.077,497.584,0.382,0.046,0.178,0,0
367,11,4372.954,451.748,0.382,0.04,0.169,0,0
368,11,7989.63,588.013,0.382,0.049,0.165,1,1
369,11,5684.685,478.62,0.382,0.044,0.205,0,0
370,3,6325.979,525.645,0.382,0.046,0.18,1,0
371,11,5712.208,451.364,0.382,0.044,0.205,1,1
372,11,7265.876,627.913,0.382,0.046,0.18,1,0
373,11,3736.944,261.099,0.382,0.049,0.165,1,0
374,0,5833.953,690.566,0.382,0.04,0.184,0,0
375,8,7588.344,628.451,0.382,0.046,0.178,1,0
376,0,6951.309,780.541,0.382,0.04,0.184,0,0
377,8,6507.139,806.816,0.382,0.04,0.169,1,1
378,8,5230.382,802.285,0.382,0.046,0.18,0,0
379,3,3247.708,389.12,0.382,0.04,0.222,0,0
380,0,11955.07,1141.587,0.382,0.046,0.18,1,2
381,0,7453.517,799.203,0.382,0.046,0.178,1,1
382,10,6612.485,539.244,0.382,0.046,0.178,0,0
383,8,14320.466,1826.167,0.382,0.044,0.205,0,0
384,8,7364.726,829.199,0.382,0.041,0.177,1,0
385,3,6030.051,537.113,0.377,0.051,0.164,0,0
386,11,6640.141,533.72,0.382,0.046,0.18,1,0
387,2,7613.316,972.382,0.382,0.046,0.18,1,2
388,0,8482.93,906.721,0.382,0.046,0.18,0,0
389,8,8603.528,1053.166,0.382,0.04,0.179,0,0
390,8,9579.142,883.826,0.382,0.04,0.184,0,0
391,0,4663.077,562.977,0.382,0.046,0.18,1,1
392,0,6019.825,593.828,0.382,0.046,0.18,0,0
393,11,4881.623,485.64,0.382,0.046,0.18,0,0
394,3,6925.568,548.749,0.382,0.044,0.205,0,0
395,0,3298.87,429.736,0.382,0.046,0.18,0,0
396,8,8464.153,892.536,0.382,0.046,0.178,0,0
397,8,4610.227,620.401,0.382,0.046,0.18,1,1
398,10,4574.601,511.528,0.382,0.04,0.169,1,0
399,0,4561.483,463.613,0.377,0.051,0.164,1,0
400,0,7260.246,996.718,0.382,0.041,0.177,1,0
401,8,5818.148,535.604,0.382,0.048,0.183,1,0
402,10,4850.566,509.589,0.382,0.046,0.178,1,0
403,0,6176.2,609.213,0.382,0.046,0.18,0,0
404,8,3855.61,460.324,0.382,0.049,0.165,1,2
405,0,3738.455,403.313,0.382,0.046,0.18,1,0
406,11,5053.625,392.034,0.382,0.046,0.159,1,1
407,0,3189.387,258.199,0.377,0.051,0.164,1,1
408,2,3899.661,383.602,0.382,0.049,0.165,1,1
409,11,4582.661,450.755,0.382,0.044,0.205,1,0
410,2,5328.855,663.397,0.382,0.046,0.18,1,2
411,11,7572.355,581.064,0.382,0.044,0.205,0,0
412,11,7469.024,529.041,0.377,0.051,0.164,1,0
413,8,5791.835,730.332,0.377,0.051,0.164,0,0
414,11,5329.352,401.395,0.382,0.044,0.205,1,0
415,11,5162.602,431.634,0.382,0.046,0.159,0,0
416,8,9164.982,1163.84,0.382,0.04,0.179,0,0
417,8,6312.448,664.881,0.382,0.046,0.18,1,0
418,0,4346.137,454.358,0.382,0.046,0.18,1,1
419,2,4420.327,709.146,0.382,0.04,0.184,0,0
420,11,3725.715,330.85,0.377,0.051,0.164,1,0
421,10,7980.031,844.248,0.382,0.04,0.169,1,2
422,8,3794.377,386.609,0.382,0.04,0.169,0,0
423,1,10828.403,1886.131,0.382,0.04,0.184,0,0
424,11,5727.35,639.591,0.382,0.046,0.18,1,0
425,11,2667.117,357.834,0.382,0.046,0.18,0,0
426,0,4191.381,524.162,0.382,0.046,0.18,0,0
427,8,6281.98,633.761,0.377,0.051,0.164,1,0
428,3,5159.404,432.098,0.377,0.051,0.164,1,2
429,11,4366.427,352.379,0.377,0.051,0.164,1,0
430,11,7083.637,574.335,0.377,0.051,0.164,0,0
431,11,7876.771,828.994,0.382,0.046,0.18,0,0
432,0,9140.734,1293.956,0.382,0.04,0.179,0,0
433,8,4905.59,563.442,0.382,0.04,0.169,0,0
434,0,8127.704,608.591,0.377,0.051,0.164,1,0
435,0,2710.533,317.689,0.382,0.046,0.18,0,0
436,3,4561.994,510.677,0.382,0.048,0.183,0,0
437,10,6099.83,601.929,0.382,0.048,0.183,1,0
438,11,4267.414,434.156,0.382,0.048,0.183,1,0
439,0,6071.375,736.674,0.382,0.04,0.184,0,0
440,3,4252.944,485.8,0.382,0.049,0.165,1,1
441,3,5233.318,578.588,0.382,0.046,0.18,0,0
442,2,3612.088,380.529,0.382,0.049,0.165,1,1
443,3,4348.041,404.785,0.382,0.048,0.183,0,0
444,2,10053.742,1173.848,0.382,0.048,0.183,0,0
445,0,7084.625,1117.758,0.382,0.046,0.18,0,0
446,0,4078.723,525.169,0.382,0.046,0.18,1,1
447,8,4417.384,515.502,0.382,0.04,0.169,0,0
448,8,7016.016,613.542,0.382,0.046,0.18,0,0
449,8,9330.335,1272.591,0.382,0.044,0.205,1,0
450,2,7250.774,898.995,0.382,0.049,0.165,1,2
451,0,4509.673,380.272,0.382,0.044,0.205,1,0
452,8,4286.068,398.097,0.382,0.04,0.169,1,1
453,8,7321.466,861.176,0.382,0.04,0.169,0,0
454,0,4797.682,585.069,0.382,0.046,0.178,0,0
455,11,6080.224,382.094,0.382,0.049,0.165,0,0
456,8,5119.37,740.397,0.382,0.046,0.18,0,0
457,11,3972.063,355.057,0.377,0.051,0.164,1,0
458,2,6286.236,582.576,0.382,0.044,0.205,0,0
459,0,7637.55,940.635,0.382,0.04,0.169,1,1
460,0,3093.511,285.901,0.382,0.046,0.178,0,0
461,11,3991.128,393.061,0.382,0.049,0.165,1,0
462,0,4001.506,501.962,0.382,0.046,0.178,0,0
463,0,5040.073,801.682,0.382,0.046,0.18,0,0
464,2,8857.605,1086.608,0.382,0.04,0.184,0,0
465,11,6436.042,501.339,0.382,0.044,0.205,0,0
466,8,6377.848,624.989,0.382,0.046,0.18,0,0
467,8,11147.596,1334.431,0.382,0.046,0.18,0,0
468,10,5550.97,628.019,0.382,0.04,0.169,0,0
469,10,9905.246,1265.577,0.382,0.04,0.184,0,0
470,8,10801.18,1462.184,0.382,0.046,0.18,0,0
471,3,5834.124,484.31,0.377,0.051,0.164,1,1
472,10,4331.685,576.724,0.382,0.04,0.179,0,0
473,0,2937.625,402.333,0.382,0.046,0.18,0,0
474,2,6248.378,611.659,0.382,0.041,0.177,1,2
475,0,5332.994,808.897,0.382,0.046,0.18,0,0
476,3,4845.277,538.05,0.382,0.048,0.183,0,0
477,3,5098.831,369.169,0.377,0.051,0.164,1,0
478,11,5665.231,582.085,0.382,0.04,0.184,0,0
479,0,9323.299,1103.125,0.382,0.046,0.178,1,1
480,0,4108.002,518.889,0.382,0.04,0.184,0,0
481,10,4274.258,395.238,0.382,0.044,0.205,1,1
482,2,6918.971,764.489,0.382,0.046,0.178,0,0
483,8,4097.421,538.231,0.382,0.046,0.178,1,0
484,8,6423.199,615.768,0.382,0.04,0.169,0,0
485,11,3997.057,345.454,0.377,0.051,0.164,1,0
486,0,3528.443,430.04,0.382,0.046,0.18,1,0
487,11,5825.32,563.26,0.382,0.04,0.169,1,0
488,8,3068.019,322.923,0.382,0.04,0.169,0,0
489,0,6049.859,537.91,0.382,0.046,0.178,1,0
490,0,6769.566,872.868,0.377,0.051,0.164,1,0
491,11,5564.757,434.932,0.382,0.049,0.165,1,2
492,0,6366.099,936.591,0.377,0.051,0.164,1,0
493,11,6860.219,668.403,0.382,0.046,0.18,1,0
494,1,7649.296,1079.606,0.382,0.04,0.184,0,0
495,3,4251.822,325.732,0.382,0.049,0.165,1,0
496,11,6432.546,690.996,0.382,0.04,0.184,0,0
497,8,7513.289,925.557,0.382,0.044,0.205,0,0
498,0,5741.219,725.859,0.377,0.051,0.164,1,0
499,10,4252.869,608.467,0.382,0.049,0.165,1,1
500,11,4393.418,324.586,0.377,0.051,0.164,1,0
501,8,4413.23,482.346,0.377,0.051,0.164,0,0
502,0,8893.214,1248.633,0.382,0.044,0.205,1,0
503,11,5546.279,389.661,0.382,0.046,0.178,1,0
504,10,5553.881,793.493,0.382,0.04,0.222,0,0
505,0,3939.671,490.46,0.382,0.049,0.165,1,1
506,0,6269.498,696.057,0.382,0.046,0.18,1,1
507,8,6992.617,548.92,0.382,0.046,0.18,1,0
508,8,5575.09,545.764,0.382,0.046,0.18,1,0
509,0,5078.21,429.726,0.382,0.044,0.205,1,0
510,8,6778.408,696.469,0.382,0.046,0.18,0,0
511,0,4712.589,674.638,0.382,0.04,0.222,0,0
512,5,5416.463,1265.883,0.377,0.051,0.164,1,2
513,0,15129.943,1744.721,0.382,0.04,0.184,0,0
514,10,4723.269,495.603,0.377,0.051,0.164,1,0
515,11,7490.765,610.554,0.382,0.046,0.18,1,1
516,8,4861.791,628.946,0.382,0.046,0.18,1,2
517,8,4804.131,524.469,0.382,0.044,0.205,0,0
518,11,4820.544,414.492,0.377,0.051,0.164,1,0
519,10,4416.3,465.304,0.382,0.04,0.169,1,0
520,8,3220.669,343.776,0.382,0.04,0.169,1,2
521,3,4284.512,352.694,0.382,0.046,0.159,1,2
522,11,6758.391,520.281,0.377,0.051,0.164,1,0
523,10,12925.685,1483.867,0.382,0.04,0.184,0,0
524,8,7211.499,765.499,0.382,0.04,0.169,0,0
525,11,8505.796,727.78,0.382,0.04,0.184,0,0
526,0,8824.672,1209.278,0.382,0.041,0.177,1,2
527,11,8899.996,829.494,0.382,0.046,0.18,0,0
528,8,8852.189,790.122,0.382,0.046,0.18,1,0
529,11,6511.514,633.519,0.382,0.04,0.169,0,0
530,8,4457.215,722.113,0.382,0.04,0.169,0,0
531,8,4079.742,499.868,0.382,0.04,0.179,0,0
532,8,9009.66,1057.61,0.382,0.046,0.18,0,0
533,8,7967.672,744.197,0.382,0.049,0.165,0,0
534,3,6180.322,467.412,0.377,0.051,0.164,1,0
535,0,6711.45,762.968,0.382,0.046,0.18,0,0
536,8,6883.328,730.238,0.382,0.046,0.18,1,1
537,0,4602.759,498.396,0.382,0.049,0.165,1,0
538,0,3211.757,472.668,0.382,0.04,0.169,0,0
539,0,9281.555,937.332,0.377,0.051,0.164,1,0
540,11,4635.451,321.103,0.377,0.051,0.164,1,0
541,8,5557.869,708.777,0.382,0.046,0.18,0,0
542,0,5125.872,436.253,0.377,0.051,0.164,1,0
543,2,2313.468,199.133,0.382,0.044,0.205,0,0
544,0,11670.604,1527.766,0.382,0.048,0.183,1,0
545,8,8794.973,849.141,0.382,0.046,0.18,1,1
546,0,11386.755,1349.345,0.382,0.04,0.184,0,0
547,11,4720.381,362.9,0.377,0.051,0.164,1,2
548,11,4135.968,326.866,0.382,0.044,0.205,0,0
549,8,3864.002,455.846,0.382,0.04,0.179,0,0
550,11,4952.657,411.765,0.382,0.044,0.205,0,0
551,8,5459.186,822.07,0.382,0.04,0.169,0,0
552,0,6402.1,571.984,0.382,0.044,0.205,1,0
553,2,5805.723,526.864,0.382,0.049,0.165,1,0
554,10,3729.421,454.433,0.382,0.04,0.179,0,0
555,3,4252.394,393.711,0.377,0.051,0.164,1,2
556,11,5967.053,690.506,0.382,0.04,0.184,0,0
557,0,3619.996,558.324,0.382,0.046,0.18,0,0
558,0,2697.829,377.044,0.382,0.04,0.179,0,0
559,3,4871.242,621.249,0.382,0.046,0.178,1,1
560,10,10794.911,1300.729,0.382,0.04,0.184,0,0
561,3,5717.485,564.746,0.382,0.046,0.18,0,0
562,9,17969.556,3105.053,0.382,0.04,0.222,0,0
563,0,4541.9,578.807,0.382,0.046,0.18,1,0
564,11,4571.552,404.083,0.382,0.046,0.18,1,0
565,8,5488.077,655.218,0.382,0.046,0.18,0,0
566,0,4081.993,453.458,0.382,0.04,0.179,1,0
567,2,4334.535,555.24,0.382,0.046,0.18,1,1
568,11,4043.869,343.159,0.382,0.044,0.205,1,0
569,0,3761.499,543.35,0.382,0.04,0.184,0,0
570,0,3750.616,547.277,0.382,0.046,0.18,0,0
571,3,6353.55,472.358,0.377,0.051,0.164,1,0
572,11,5674.809,470.803,0.382,0.046,0.18,1,0
573,0,3261.621,275.227,0.377,0.051,0.164,1,0
574,3,7339.613,549.817,0.382,0.049,0.165,0,0
575,0,4411.602,405.161,0.377,0.051,0.164,1,0
576,2,5811.352,803.201,0.382,0.04,0.184,0,0
577,8,4122.589,485.528,0.382,0.04,0.169,1,2
578,3,7809.041,739.967,0.382,0.04,0.169,0,0
579,2,6859.126,753.696,0.382,0.046,0.18,0,0
580,8,8487.226,1333.921,0.382,0.04,0.169,0,0
581,0,4410.793,485.963,0.382,0.046,0.159,0,0
582,0,5830.203,716.683,0.382,0.044,0.205,0,0
583,0,3570.369,371.85,0.382,0.046,0.178,0,0
584,3,3925.641,359.355,0.382,0.044,0.205,1,2
585,11,4723.273,718.249,0.382,0.04,0.169,0,0
586,8,12465.394,1945.285,0.382,0.046,0.18,0,0
587,11,7942.252,563.567,0.377,0.051,0.164,1,0
588,11,5122.309,550.254,0.382,0.04,0.169,0,0
589,8,3754.963,396.877,0.382,0.044,0.205,1,1
590,11,4111.146,323.007,0.382,0.049,0.165,1,0
591,8,4702.174,411.366,0.382,0.049,0.165,1,2
592,0,3678.758,471.378,0.382,0.046,0.18,0,0
593,8,7913.204,1025.165,0.382,0.04,0.169,0,0
594,0,3458.81,380.079,0.382,0.04,0.184,0,0
595,10,12499.981,1467.639,0.382,0.04,0.184,0,0
596,2,3750.066,581.247,0.382,0.04,0.184,0,0
597,0,4201.162,601.637,0.382,0.046,0.159,1,2
598,2,4835.1,597.876,0.377,0.051,0.164,1,0
599,11,8131.068,728.707,0.382,0.04,0.184,0,0
600,11,5823.087,515.387,0.382,0.04,0.169,1,1
601,3,4042.437,326.901,0.382,0.044,0.205,1,0
602,0,5223.387,509.223,0.382,0.044,0.205,1,2
603,0,5623.197,766.948,0.382,0.049,0.165,1,0
604,3,6535.094,485.59,0.377,0.051,0.164,0,0
605,3,5803.397,420.149,0.382,0.049,0.165,1,0
606,0,4859.81,516.692,0.382,0.04,0.184,0,0
607,0,3239.166,343.744,0.382,0.041,0.177,1,0
608,8,7722.97,780.477,0.382,0.046,0.178,1,0
609,0,3860.117,419.981,0.382,0.04,0.184,0,0
610,0,3471.289,430.351,0.382,0.046,0.18,0,0
611,0,4753.051,402.515,0.377,0.051,0.164,1,0
612,11,5602.141,348.632,0.377,0.051,0.164,1,0
613,2,5585.549,830.855,0.382,0.041,0.177,1,0
614,0,5457.197,779.326,0.382,0.048,0.183,0,0
615,3,8052.443,1028.157,0.382,0.044,0.205,0,0
616,8,7018.866,686.728,0.382,0.046,0.18,1,2
617,8,5265.551,475.862,0.382,0.048,0.183,1,0
618,11,5663.144,419.159,0.382,0.044,0.205,0,0
619,0,3531.453,351.933,0.377,0.051,0.164,1,1
620,11,6379.001,582.086,0.377,0.051,0.164,1,0
621,0,4892.504,666.944,0.382,0.046,0.18,0,0
622,8,3593.718,357.877,0.382,0.04,0.169,0,0
623,0,5810.929,678.489,0.382,0.046,0.18,1,0
624,8,5804.515,564.72,0.382,0.046,0.18,0,0
625,0,5210.034,510.116,0.382,0.046,0.18,1,1
626,10,7768.973,686.95,0.382,0.048,0.183,0,0
627,10,4967.27,510.4,0.382,0.044,0.205,0,0
628,8,5185.954,634.972,0.382,0.04,0.222,0,0
629,3,6279.689,556.877,0.377,0.051,0.164,1,2
630,0,5735.7,656.259,0.382,0.041,0.177,0,0
631,11,4494.523,531.357,0.382,0.04,0.169,1,2
632,0,5849.85,752.052,0.382,0.04,0.179,0,0
633,3,5914.102,451.139,0.377,0.051,0.164,1,0
634,3,5558.775,539.212,0.382,0.048,0.183,0,0
635,0,4893.005,494.097,0.382,0.046,0.178,0,0
636,2,4871.975,587.512,0.377,0.051,0.164,1,0
637,11,7145.011,568.715,0.377,0.051,0.164,1,1
638,3,4899.652,413.941,0.377,0.051,0.164,0,0
639,0,3915.424,401.891,0.382,0.046,0.18,0,0
640,11,9538.184,727.322,0.382,0.046,0.18,0,0
641,8,4766.864,444.96,0.382,0.046,0.18,1,2
642,10,3020.659,396.845,0.382,0.046,0.18,1,2
643,0,6653.539,849.12,0.382,0.04,0.169,1,1
644,2,7304.763,804.053,0.377,0.051,0.164,1,0
645,0,8850.754,1094.805,0.382,0.049,0.165,1,1
646,0,4124.177,579.665,0.377,0.051,0.164,0,0
647,8,4806.016,563.857,0.382,0.04,0.169,0,0
648,3,5471.351,507.537,0.382,0.04,0.184,0,0
649,0,3050.274,320.179,0.382,0.046,0.178,0,0
650,0,5244.336,544.722,0.377,0.051,0.164,1,0
651,0,6298.046,784.309,0.382,0.046,0.18,0,0
652,0,5510.222,565.344,0.382,0.041,0.177,0,0
653,11,4891.909,413.631,0.382,0.046,0.18,1,1
654,2,5361.591,566.521,0.382,0.048,0.183,0,0
655,11,6641.935,568.494,0.382,0.046,0.18,1,1
656,3,2690.547,314.362,0.382,0.044,0.205,1,0
657,10,4987.748,631.142,0.382,0.046,0.18,1,0
658,11,5010.434,495.042,0.382,0.046,0.18,1,0
659,3,4679.34,567.984,0.382,0.044,0.205,0,0
660,0,3788.292,408.214,0.377,0.051,0.164,1,0
661,11,5842.785,480.901,0.382,0.044,0.205,0,0
662,3,7023.978,641.969,0.382,0.04,0.222,0,0
663,8,3846.256,524.697,0.382,0.049,0.165,0,0
664,11,4095.709,498.81,0.382,0.046,0.178,0,0
665,0,6752.252,1035.958,0.382,0.044,0.205,1,0
666,10,5787.586,540.137,0.382,0.049,0.165,1,2
667,11,7303.43,659.425,0.382,0.04,0.169,0,0
668,2,7441.22,962.713,0.382,0.04,0.184,0,0
669,3,3704.293,323.244,0.377,0.051,0.164,1,0
670,0,5398.889,573.971,0.377,0.051,0.164,1,1
671,8,4870.555,487.307,0.377,0.051,0.164,1,0
672,2,7317.348,1150.305,0.382,0.048,0.183,0,0
673,11,5877.83,480.662,0.382,0.049,0.165,1,1
674,0,6488.576,803.116,0.382,0.046,0.18,1,1
675,0,3546.992,371.739,0.382,0.046,0.18,1,0
676,5,7491.605,1644.598,0.382,0.044,0.205,0,0
677,3,6514.574,523.263,0.377,0.051,0.164,1,1
678,2,6036.785,682.51,0.382,0.046,0.18,1,0
679,0,8276.048,883.389,0.382,0.04,0.184,0,0
680,2,4332.229,658.343,0.382,0.04,0.169,1,2
681,8,2899.868,398.107,0.382,0.046,0.159,1,2
682,1,11207.409,1758.843,0.382,0.04,0.184,0,0
683,0,7612.861,730.986,0.382,0.04,0.184,0,0
684,11,6336.003,508.112,0.377,0.051,0.164,1,0
685,0,5483.226,506.477,0.382,0.046,0.18,1,0
686,0,5175.499,624.098,0.382,0.048,0.183,0,0
687,11,6923.726,607.309,0.382,0.046,0.18,0,0
688,0,2994.002,301.523,0.382,0.046,0.178,1,0
689,3,5841.841,591.514,0.382,0.044,0.205,0,0
690,0,4622.718,655.081,0.382,0.046,0.18,0,0
691,11,6922.524,513.801,0.382,0.046,0.18,1,0
692,0,5448.383,659.144,0.382,0.046,0.18,0,0
693,3,5478.556,410.012,0.382,0.044,0.205,1,0
694,8,6603.64,637.032,0.377,0.051,0.164,1,0
695,0,4459.918,424.96,0.382,0.046,0.18,1,0
696,8,6533.449,828.601,0.382,0.04,0.179,0,0
697,3,8812.271,830.803,0.382,0.046,0.18,1,0
698,0,12953.577,1611.788,0.382,0.04,0.184,0,0
699,0,6765.625,795.448,0.382,0.044,0.205,1,0
700,8,3500.91,423.611,0.382,0.044,0.205,1,0
701,3,4742.113,516.677,0.377,0.051,0.164,1,0
702,0,3589.195,284.921,0.377,0.051,0.164,1,1
703,0,2721.153,291.552,0.382,0.046,0.18,0,0
704,11,8639.487,895.669,0.382,0.04,0.184,0,0
705,0,6588.642,793.333,0.382,0.046,0.18,1,1
706,3,4712.811,430.339,0.377,0.051,0.164,1,2
707,8,6880.118,755.807,0.382,0.046,0.18,0,0
708,10,3339.203,345.427,0.382,0.048,0.183,1,0
709,0,8228.601,1080.07,0.382,0.04,0.184,0,0
710,3,3730.894,306.23,0.377,0.051,0.164,1,0
711,3,5682.937,420.253,0.377,0.051,0.164,1,0
712,0,5269.31,471.569,0.377,0.051,0.164,1,0
713,8,8863.445,1086.437,0.382,0.046,0.18,1,0
714,11,3756.281,273.123,0.382,0.049,0.165,1,0
715,0,5347.229,556.383,0.382,0.046,0.178,0,0
716,3,4691.326,372.797,0.377,0.051,0.164,1,0
717,11,4592.044,462.621,0.382,0.046,0.18,1,0
718,0,6559.168,709.068,0.382,0.044,0.205,0,0
719,10,4417.681,374.802,0.377,0.051,0.164,1,1
720,8,5964.167,597.138,0.382,0.04,0.169,1,1
721,8,6386.365,629.367,0.382,0.04,0.169,1,2
722,0,8186.763,1317.541,0.382,0.04,0.222,0,0
723,11,5830.226,469.959,0.382,0.044,0.205,1,1
724,11,5634.027,578.136,0.382,0.046,0.18,0,0
725,11,4783.419,495.499,0.382,0.04,0.169,0,0
726,8,9148.583,881.461,0.382,0.048,0.183,0,0
727,0,3755.176,375.438,0.382,0.044,0.205,0,0
728,3,4326.874,377.827,0.382,0.049,0.165,1,0
729,10,8723.571,895.052,0.382,0.046,0.18,0,0
730,2,6704.259,819.185,0.382,0.04,0.184,0,0
731,0,7619.323,783.346,0.382,0.046,0.18,1,0
732,8,5452.14,620.031,0.382,0.04,0.169,0,0
733,5,14933.289,3403.459,0.382,0.046,0.18,0,0
734,0,4945.677,468.104,0.382,0.046,0.18,1,2
735,11,4569.493,450.725,0.382,0.046,0.178,0,0
736,10,4303.186,417.908,0.377,0.051,0.164,1,0
737,0,5059.283,742.954,0.382,0.046,0.18,1,0
738,11,7036.306,580.293,0.382,0.046,0.18,0,0
739,11,7842.834,627.993,0.377,0.051,0.164,1,0
740,3,5785.516,422.131,0.382,0.044,0.205,0,0
741,11,6341.468,765.882,0.382,0.04,0.222,0,0
742,11,6637.12,721.755,0.382,0.046,0.18,0,0
743,0,3160.234,346.386,0.382,0.048,0.183,1,0
744,0,5951.881,666.307,0.377,0.051,0.164,1,0
745,0,6209.428,587.591,0.382,0.048,0.183,1,0
746,11,5007.312,422.047,0.382,0.044,0.205,1,2
747,10,6646.682,580.734,0.382,0.046,0.178,0,0
748,3,4744.851,403.275,0.382,0.046,0.18,1,0
749,0,4291.827,526.306,0.382,0.046,0.159,1,0
750,3,4100.73,330.532,0.377,0.051,0.164,1,0
751,0,3486.658,474.465,0.382,0.046,0.18,0,0
752,0,4342.933,379.907,0.382,0.046,0.18,1,1
753,11,7203.087,632.062,0.382,0.046,0.18,1,2
754,10,6713.377,801.557,0.382,0.041,0.177,1,2
755,11,8691.499,742.381,0.382,0.041,0.177,0,0
756,8,13706.775,1940.531,0.382,0.046,0.18,1,0
757,8,5130.334,441.996,0.382,0.049,0.165,0,0
758,8,4000.123,523.243,0.382,0.049,0.165,0,0
759,0,5797.131,640.441,0.382,0.046,0.18,1,1
760,0,6300.434,1012.282,0.382,0.04,0.184,0,0
761,0,7265.298,828.066,0.382,0.04,0.184,0,0
762,11,3148.298,315.597,0.382,0.049,0.165,1,2
763,11,5097.874,487.941,0.382,0.04,0.169,0,0
764,8,2881.533,322.652,0.382,0.046,0.159,1,2
765,8,7016.811,586.226,0.382,0.049,0.165,1,0
766,11,5025.189,434.664,0.377,0.051,0.164,0,0
767,8,5013.108,512.094,0.382,0.04,0.169,0,0
768,8,10812.74,1119.774,0.382,0.04,0.169,0,0
769,5,10825.902,3081.052,0.382,0.046,0.18,1,0
770,8,5356.897,606.38,0.382,0.046,0.18,0,0
771,0,5515.951,565.398,0.377,0.051,0.164,0,0
772,11,2977.561,405.743,0.382,0.04,0.179,0,0
773,0,4739.152,656.517,0.382,0.044,0.205,0,0
774,8,4572.288,593.756,0.382,0.04,0.169,0,0
775,11,7131.574,509.658,0.377,0.051,0.164,1,0
776,2,3958.1,440.366,0.382,0.046,0.18,1,0
777,11,3300.703,289.86,0.382,0.049,0.165,1,2
778,0,4842.456,656.868,0.377,0.051,0.164,1,0
779,0,5902.598,579.687,0.382,0.048,0.183,0,0
780,0,5421.239,653.308,0.382,0.048,0.183,0,0
781,0,4075.908,557.227,0.382,0.046,0.178,0,0
782,10,4539.039,424.409,0.382,0.046,0.159,1,0
783,11,5694.973,563.395,0.382,0.041,0.177,0,0
784,0,6410.053,682.383,0.382,0.046,0.18,1,0
785,11,5384.791,464.251,0.382,0.046,0.18,1,1
786,0,2950.813,457.915,0.382,0.046,0.178,1,1
787,10,8468.339,945.579,0.382,0.048,0.183,0,0
788,8,14949.194,1429.761,0.382,0.04,0.184,0,0
789,8,2787.971,387.023,0.382,0.049,0.165,0,0
790,11,6179.204,565.736,0.382,0.044,0.205,0,0
791,0,6341.801,670.171,0.382,0.046,0.18,0,0
792,3,6110.745,572.033,0.382,0.046,0.18,1,1
793,3,3995.99,378.633,0.382,0.046,0.18,0,0
794,10,2553.476,432.088,0.382,0.048,0.183,0,0
795,3,3765.724,386.439,0.382,0.046,0.18,1,2
796,8,5991.166,552.244,0.382,0.046,0.18,0,0
797,0,3453.193,340.127,0.377,0.051,0.164,1,0
798,0,6183.921,745.712,0.382,0.048,0.183,0,0
799,8,8182.797,743.136,0.382,0.046,0.18,0,0
800,3,4413.864,412.915,0.382,0.046,0.159,0,0
801,3,4032.548,394.814,0.382,0.04,0.169,0,0
802,8,5693.634,435.271,0.382,0.04,0.169,1,1
803,3,4937.012,401.721,0.382,0.044,0.205,1,2
804,10,4039.05,361.383,0.377,0.051,0.164,1,0
805,3,4992.599,469.724,0.377,0.051,0.164,1,2
806,3,5586.748,431.07,0.377,0.051,0.164,1,1
807,0,8141.67,814.259,0.382,0.044,0.205,0,0
808,0,6037.244,497.967,0.382,0.048,0.183,1,1
809,0,7768.18,663.401,0.382,0.046,0.18,0,0
810,11,4904.244,404.254,0.382,0.046,0.159,0,0
811,0,3438.979,568.251,0.382,0.04,0.169,0,0
812,3,5271.855,642.919,0.382,0.048,0.183,0,0
813,0,4792.914,536.345,0.382,0.049,0.165,0,0
814,11,7036.973,577.174,0.382,0.041,0.177,0,0
815,0,6889.46,669.132,0.377,0.051,0.164,1,0
816,10,4244.869,614.125,0.382,0.046,0.18,0,0
817,0,18108.139,2605.488,0.382,0.04,0.184,0,0
818,3,5066.196,526.689,0.382,0.044,0.205,1,2
819,8,5069.451,449.389,0.382,0.04,0.169,0,0
820,8,9917.413,894.098,0.377,0.051,0.164,1,0
821,0,5773.878,708.382,0.382,0.04,0.184,0,0
822,8,6439.84,529.895,0.382,0.04,0.169,1,2
823,8,4829.16,474.396,0.382,0.04,0.169,0,0
824,0,5688.005,718.104,0.382,0.04,0.169,0,0
825,0,3744.244,440.697,0.377,0.051,0.164,1,0
826,8,7281.538,635.205,0.382,0.046,0.18,0,0
827,8,10615.938,1382.67,0.382,0.04,0.184,0,0
828,11,4305.688,486.105,0.382,0.046,0.178,0,0
829,2,4908.751,655.742,0.382,0.044,0.205,0,0
830,8,5112.958,435.921,0.382,0.048,0.183,1,0
831,0,10493.347,1304.09,0.382,0.046,0.18,0,0
832,3,5430.763,459.68,0.382,0.044,0.205,1,1
833,11,4557.688,418.594,0.382,0.046,0.159,1,2
834,0,4884.222,532.185,0.382,0.04,0.184,0,0
835,0,4224.303,536.793,0.382,0.046,0.18,1,2
836,0,4890.321,589.108,0.382,0.048,0.183,0,0
837,8,2769.39,366.852,0.382,0.044,0.205,0,0
838,11,6630.623,678.839,0.382,0.041,0.177,1,2
839,2,4267.189,538.532,0.382,0.04,0.184,0,0
840,0,6091.414,878.742,0.382,0.04,0.222,0,0
841,0,2461.396,341.29,0.382,0.048,0.183,0,0
842,11,15242.115,943.046,0.377,0.051,0.164,0,0
843,2,7880.537,929.019,0.382,0.04,0.184,0,0
844,0,3455.644,375.631,0.382,0.046,0.18,1,1
845,3,3977.669,294.837,0.382,0.046,0.18,1,0
846,8,7628.443,715.01,0.382,0.046,0.18,1,0
847,10,5858.521,832.638,0.382,0.046,0.18,1,1
848,8,5370.648,610.055,0.382,0.049,0.165,1,0
849,10,6787.358,740.005,0.382,0.04,0.222,0,0
850,3,5082.57,535.201,0.382,0.046,0.18,1,0
851,11,4475.005,385.423,0.377,0.051,0.164,1,2
852,2,3819.201,484.13,0.382,0.044,0.205,1,0
853,0,7624.089,841.545,0.382,0.049,0.165,0,0
854,2,5446.042,563.666,0.382,0.048,0.183,1,0
855,0,4753.287,506.749,0.382,0.049,0.165,1,1
856,0,5944.401,797.222,0.382,0.04,0.179,0,0
857,2,6173.65,765.234,0.382,0.044,0.205,1,2
858,0,3902.356,343.084,0.377,0.051,0.164,1,0
859,2,6157.43,595.949,0.377,0.051,0.164,0,0
860,10,4799.366,607.709,0.382,0.04,0.179,0,0
861,10,2838.925,413.268,0.382,0.046,0.159,1,2
862,8,7128.519,930.601,0.382,0.04,0.169,1,0
863,8,7257.814,865.063,0.382,0.04,0.169,0,0
864,0,3520.78,484.98,0.382,0.049,0.165,1,1
865,11,6257.292,526.909,0.382,0.046,0.18,0,0
866,3,5698.64,402.939,0.382,0.044,0.205,1,1
867,11,4044.283,383.106,0.382,0.04,0.169,0,0
868,11,7941.244,540.654,0.382,0.044,0.205,1,0
869,2,4946.051,720.452,0.382,0.048,0.183,1,0
870,0,5678.711,711.814,0.382,0.04,0.184,0,0
871,11,5190.498,397.655,0.382,0.044,0.205,0,0
872,8,7059.3,679.537,0.382,0.046,0.18,1,2
873,0,3174.107,377.792,0.382,0.048,0.183,0,0
874,0,3814.878,424.265,0.382,0.04,0.222,0,0
875,3,4185.812,388.864,0.382,0.046,0.159,1,1
876,0,7504.613,826.97,0.382,0.046,0.178,1,1
877,8,5417.4,747.384,0.382,0.04,0.169,0,0
878,11,7220.452,658.884,0.382,0.046,0.178,0,0
879,3,3087.831,285.009,0.377,0.051,0.164,1,1
880,8,6192.128,651.834,0.382,0.049,0.165,0,0
881,0,3475.743,513.053,0.382,0.046,0.18,1,1
882,0,5393.9,687.644,0.382,0.046,0.18,0,0
883,0,3943.502,415.646,0.382,0.046,0.18,0,0
884,11,4543.48,434.964,0.377,0.051,0.164,0,0
885,0,4496.743,600.737,0.382,0.046,0.18,0,0
886,8,5327.9,503.622,0.382,0.046,0.18,0,0
887,3,5644.427,472.976,0.382,0.044,0.205,1,0
888,3,6657.126,618.719,0.382,0.04,0.169,1,2
889,3,3431.7,375.057,0.382,0.046,0.178,0,0
890,0,4701.584,364.893,0.377,0.051,0.164,1,0
891,8,6570.798,904.065,0.382,0.046,0.18,1,1
892,0,6292.3,645.899,0.382,0.048,0.183,0,0
893,0,5248.917,679.321,0.377,0.051,0.164,1,0
894,0,6931.208,846.882,0.382,0.046,0.18,0,0
895,8,7695.236,727.279,0.382,0.049,0.165,0,0
896,8,5774.023,905.299,0.382,0.04,0.169,0,0
897,10,2884.831,285.441,0.382,0.046,0.159,1,1
898,0,5491.794,590.169,0.382,0.041,0.177,0,0
899,3,4362.299,465.774,0.382,0.048,0.183,1,0
900,0,4795.893,450.52,0.377,0.051,0.164,1,0
901,8,6018.192,531.577,0.382,0.04,0.169,0,0
902,0,4009.743,516.096,0.377,0.051,0.164,1,0
903,11,9631.765,671.051,0.377,0.051,0.164,0,0
904,11,4937.234,421.769,0.377,0.051,0.164,1,0
905,0,7054.21,1048.136,0.382,0.046,0.18,0,0
906,0,9061.332,1053.641,0.382,0.044,0.205,0,0
907,8,5185.684,685.825,0.382,0.046,0.18,0,0
908,0,3511.04,301.02,0.382,0.044,0.205,1,0
909,8,8591.679,816.883,0.377,0.051,0.164,1,1
910,11,4727.037,474.931,0.382,0.046,0.178,1,0
911,8,8226.93,756.885,0.382,0.04,0.169,0,0
912,10,4798.862,631.399,0.382,0.04,0.169,0,0
913,0,7325.177,957.609,0.382,0.046,0.159,0,0
914,10,7912.165,943.321,0.382,0.04,0.169,1,2
915,11,5200.927,421.517,0.377,0.051,0.164,1,0
916,0,4433.766,580.399,0.382,0.046,0.18,0,0
917,0,5543.093,613.017,0.382,0.046,0.18,0,0
918,8,4295.193,457.851,0.382,0.048,0.183,0,0
919,0,4535.743,554.352,0.377,0.051,0.164,1,1
920,0,4729.987,477.319,0.377,0.051,0.164,1,0
921,0,7844.626,906.351,0.382,0.048,0.183,0,0
922,3,6092.92,586.947,0.382,0.046,0.18,0,0
923,0,4423.811,532.734,0.382,0.04,0.184,0,0
924,0,3930.463,372.254,0.382,0.046,0.18,1,0
925,2,5464.399,978.7,0.382,0.049,0.165,1,0
926,11,6004.244,448.736,0.382,0.046,0.18,1,0
927,0,5370.9,714.146,0.382,0.046,0.18,0,0
928,11,6627.854,572.765,0.382,0.046,0.18,1,1
929,8,4839.948,591.877,0.382,0.04,0.169,0,0
930,0,5912.923,968.127,0.382,0.046,0.18,0,0
931,8,3333.582,410.286,0.382,0.04,0.169,1,0
932,0,6078.12,600.864,0.377,0.051,0.164,1,0
933,8,6070.652,749.605,0.382,0.048,0.183,0,0
934,8,5593.27,562.014,0.382,0.046,0.18,1,0
935,8,4702.923,499.718,0.382,0.04,0.169,0,0
936,0,5835.293,737.144,0.382,0.046,0.18,0,0
937,3,5996.704,485.419,0.382,0.044,0.205,1,0
938,0,7830.108,802.067,0.382,0.04,0.222,0,0
939,3,4943.466,476.753,0.382,0.046,0.18,0,0
940,11,6005.331,615.238,0.382,0.048,0.183,0,0
941,0,4128.044,454.679,0.377,0.051,0.164,1,0
942,11,5022.912,390.017,0.382,0.044,0.205,1,0
943,11,5763.263,500.995,0.382,0.046,0.18,0,0
944,2,6600.338,1023.298,0.382,0.04,0.222,0,0
945,8,3641.152,441.842,0.382,0.04,0.169,0,0
946,0,3476.083,440.471,0.382,0.046,0.159,1,0
947,0,6868.937,933.3,0.382,0.049,0.165,1,0
948,5,6833.667,1686.978,0.382,0.049,0.165,0,0
949,0,4452.659,413.566,0.382,0.04,0.184,0,0
950,0,4724.306,462.625,0.382,0.049,0.165,0,0
951,11,6431.281,594.449,0.382,0.046,0.18,1,0
952,11,5389.612,435.088,0.377,0.051,0.164,0,0
953,0,4419.259,450.434,0.382,0.041,0.177,1,2
954,0,5760.671,748.731,0.382,0.046,0.18,1,0
955,11,3902.897,377.676,0.382,0.046,0.18,1,2
956,0,3176.42,408.83,0.382,0.046,0.18,1,1
957,11,6574.019,707.987,0.382,0.04,0.184,0,0
958,0,3532.521,468.346,0.382,0.04,0.184,0,0
959,8,5868.71,619.706,0.382,0.04,0.184,0,0
960,3,5574.45,458.536,0.382,0.044,0.205,1,1
961,11,5393.406,569.642,0.382,0.046,0.18,0,0
962,2,5440.564,738.961,0.382,0.046,0.18,0,0
963,8,8901.705,840.372,0.382,0.048,0.183,0,0
964,0,7998.619,1143.497,0.382,0.049,0.165,1,1
965,8,7034.607,750.726,0.382,0.044,0.205,0,0
966,0,3984.377,504.66,0.382,0.046,0.18,0,0
967,8,7145.937,763.556,0.382,0.046,0.18,1,0
968,2,5955.14,725.323,0.382,0.048,0.183,0,0
969,8,2807.98,480.197,0.382,0.049,0.165,1,0
970,0,2732.458,331.775,0.382,0.044,0.205,1,0
971,2,6786.403,808.555,0.382,0.041,0.177,1,2
972,0,2550.559,289,0.382,0.046,0.178,0,0
973,11,5326.463,653.196,0.382,0.046,0.18,1,0
974,0,9470.282,1281.272,0.377,0.051,0.164,1,0
975,8,6380.636,615.123,0.382,0.046,0.18,1,0
976,0,5768.045,593.545,0.382,0.046,0.18,0,0
977,0,3923.867,419.646,0.377,0.051,0.164,1,0
978,10,5973.023,804.49,0.382,0.048,0.183,0,0
979,8,5200.433,528.292,0.382,0.041,0.177,1,0
980,0,5804.969,458.773,0.382,0.046,0.18,0,0
981,11,6051.966,624.518,0.382,0.046,0.178,0,0
982,3,6672.461,572.714,0.382,0.048,0.183,0,0
983,0,8430.018,1133.828,0.382,0.046,0.18,1,0
984,2,4998.049,609.884,0.382,0.046,0.18,1,0
985,10,6918.153,639.049,0.382,0.049,0.165,1,0
986,0,5097.702,678.644,0.382,0.046,0.18,1,1
987,2,5698.861,721.967,0.382,0.04,0.184,0,0
988,0,3914.227,601.962,0.383,0.039,0.168,0,0
989,0,4301.863,470.64,0.377,0.051,0.164,1,0
990,3,5306.927,474.857,0.382,0.048,0.183,0,0
991,0,4760.637,443.874,0.382,0.046,0.18,0,0
992,0,4726.918,579.82,0.382,0.046,0.18,0,0
993,11,6307.923,623.362,0.382,0.048,0.183,1,0
994,0,3754.016,365.528,0.382,0.046,0.18,1,0
995,3,7671.115,652.584,0.382,0.048,0.183,0,0
996,2,5300.643,567.282,0.382,0.048,0.183,1,0
997,11,4276.363,341.851,0.382,0.044,0.205,1,0
998,0,3560.789,440.693,0.382,0.049,0.165,1,1
999,11,7604.375,546.829,0.382,0.048,0.183,1,0
1000,8,6115.468,558.938,0.377,0.051,0.164,1,0
1001,2,4500.004,515.524,0.382,0.041,0.177,1,0
1002,11,5046.486,597.046,0.382,0.04,0.184,0,0
1003,0,6105.312,639.331,0.382,0.046,0.18,1,0
1004,11,4238.664,370.821,0.377,0.051,0.164,1,2
1005,0,5132.122,774.61,0.382,0.046,0.18,0,0
1006,10,5276.146,717.279,0.382,0.046,0.178,1,1
1007,10,5822.743,679.255,0.382,0.04,0.169,0,0
1008,8,4436.927,596.449,0.382,0.04,0.179,0,0
1009,0,3915.962,375.949,0.377,0.051,0.164,1,0
1010,11,7385.71,672.035,0.382,0.04,0.169,1,1
1011,8,6515.018,780.098,0.382,0.046,0.18,1,1
1012,11,4964.274,424.251,0.377,0.051,0.164,1,0
1013,0,3302.531,366.462,0.382,0.046,0.18,1,1
1014,8,10094.588,1116.109,0.382,0.046,0.18,1,0
1015,11,4994.886,407.259,0.382,0.046,0.159,1,2
1016,10,4473.391,413.641,0.382,0.046,0.18,1,2
1017,2,5880.506,829.209,0.382,0.048,0.183,0,0
1018,10,9752.87,1128.569,0.382,0.04,0.184,0,0
1019,11,7455.456,619.358,0.377,0.051,0.164,1,0
1020,0,7488.689,920.212,0.382,0.044,0.205,0,0
1021,0,7256.758,868.097,0.382,0.04,0.184,0,0
1022,8,6057.515,680.61,0.382,0.046,0.18,0,0
1023,2,5094.524,521.795,0.382,0.048,0.183,1,0
1024,10,5106.379,653.694,0.382,0.04,0.169,0,0
1025,0,6116.973,713.969,0.382,0.046,0.159,0,0
1026,2,7852.532,976.056,0.382,0.046,0.18,1,2
1027,8,10770.247,1362.654,0.377,0.051,0.164,1,0
1028,0,3913.719,452.002,0.382,0.046,0.18,1,0
1029,0,4484.998,627.413,0.382,0.046,0.178,0,0
1030,0,2989.727,274.837,0.382,0.046,0.178,0,0
1031,3,4005.694,345.645,0.382,0.046,0.18,0,0
1032,11,7613.859,798.446,0.382,0.046,0.178,1,0
1033,0,11539.565,1081.313,0.382,0.04,0.184,0,0
1034,0,5385.292,603.132,0.382,0.048,0.183,0,0
1035,0,4037.998,478.156,0.382,0.048,0.183,0,0
1036,11,4123.41,389.992,0.382,0.046,0.18,1,0
1037,8,5718.711,723.651,0.382,0.046,0.18,0,0
1038,3,4839.178,421.317,0.377,0.051,0.164,0,0
1039,8,6696.262,849.07,0.382,0.046,0.18,1,2
1040,0,7192.527,716.278,0.382,0.046,0.18,1,0
1041,2,5015.154,538.278,0.377,0.051,0.164,1,0
1042,0,3416.395,452.231,0.382,0.046,0.18,1,1
1043,2,7280.686,999.411,0.382,0.046,0.178,0,0
1044,2,5462.111,738.031,0.382,0.049,0.165,1,0
1045,8,7063.894,857.923,0.382,0.04,0.169,0,0
1046,11,7202.459,566.423,0.382,0.046,0.178,0,0
1047,0,4024.548,433.017,0.382,0.046,0.18,1,1
1048,11,5724.685,441.857,0.382,0.04,0.169,1,0
1049,0,3270.325,522.1,0.377,0.051,0.164,1,0
1050,11,6126.551,429.238,0.382,0.044,0.205,1,2
1051,2,6091.211,818.323,0.382,0.049,0.165,1,0
1052,8,6011.528,625.248,0.382,0.046,0.18,1,1
1053,0,7434.107,840.406,0.382,0.04,0.222,0,0
1054,8,5022.121,513.492,0.382,0.04,0.169,1,1
1055,2,6578.691,823.236,0.382,0.04,0.184,0,0
1056,11,3186.751,303.968,0.377,0.051,0.164,1,0
1057,11,5346.511,532.997,0.382,0.04,0.169,0,0
1058,8,6006.519,579.627,0.382,0.046,0.18,1,2
1059,2,7011.517,960.235,0.382,0.04,0.179,0,0
1060,8,6059.424,701.354,0.382,0.046,0.18,1,1
1061,11,6085.955,457.565,0.382,0.049,0.165,0,0
1062,3,5297.515,489.917,0.382,0.046,0.159,1,1
1063,8,3554.872,441.891,0.382,0.04,0.179,0,0
1064,8,7819.423,883.081,0.382,0.046,0.18,0,0
1065,0,3444.93,398.198,0.377,0.051,0.164,1,2
1066,0,9157.731,931.101,0.382,0.046,0.18,0,0
1067,11,4723.414,402.391,0.377,0.051,0.164,0,0
1068,11,3663.561,255.325,0.382,0.049,0.165,1,0
1069,8,5234.311,659.721,0.382,0.041,0.177,1,0
1070,10,5854.792,722.373,0.382,0.04,0.222,0,0
1071,0,5016.29,606.41,0.382,0.04,0.169,1,2
1072,8,5641.475,530.971,0.382,0.046,0.18,1,1
1073,8,6017.644,759.37,0.382,0.046,0.18,1,0
1074,10,4261.221,460.057,0.382,0.048,0.183,1,0
1075,8,9558.965,909.473,0.382,0.04,0.184,0,0
1076,8,2993.631,451.067,0.382,0.046,0.18,1,0
1077,0,3712.876,410.124,0.382,0.046,0.18,1,2
1078,11,5615.582,431.911,0.382,0.049,0.165,1,0
1079,0,7200.88,571.512,0.382,0.044,0.205,1,0
1080,0,8362.343,690.544,0.377,0.051,0.164,1,0
1081,1,4761.321,753.125,0.382,0.04,0.184,0,0
1082,2,5833.263,856.755,0.382,0.048,0.183,0,0
1083,11,4266.788,299.011,0.382,0.044,0.205,1,1
1084,0,5206.169,670.726,0.382,0.044,0.205,1,0
1085,2,6297.995,632.793,0.382,0.04,0.184,0,0
1086,0,6365.241,695.715,0.382,0.044,0.205,1,1
1087,11,5228.5,512.247,0.382,0.04,0.222,0,0
1088,0,4204.866,401.2,0.382,0.046,0.18,1,0
1089,3,8402.583,829.093,0.382,0.046,0.18,0,0
1090,0,5343.308,650.547,0.382,0.048,0.183,1,0
1091,8,6888.169,580.253,0.382,0.04,0.169,0,0
1092,0,9814.584,955.995,0.377,0.051,0.164,1,0
1093,10,6904.761,719.927,0.382,0.048,0.183,0,0
1094,3,3753.922,306.768,0.377,0.051,0.164,1,0
1095,0,3969.286,562.702,0.382,0.041,0.177,1,0
1096,8,4512.348,523.52,0.382,0.046,0.18,1,2
1097,5,9744.6,2420.921,0.382,0.046,0.159,0,0
1098,0,4354.998,587.134,0.382,0.048,0.183,0,0
1099,8,7340.339,928.976,0.382,0.04,0.169,1,0
1100,0,4423.964,546.182,0.382,0.046,0.18,1,0
1101,11,8299.636,822.659,0.382,0.04,0.169,0,0
1102,0,5744.054,579.722,0.377,0.051,0.164,1,0
1103,11,4161.639,319.749,0.382,0.044,0.205,1,1
1104,3,4481.546,353.846,0.377,0.051,0.164,1,0
1105,10,3774.737,421.781,0.382,0.046,0.18,1,1
1106,8,4073.218,464.086,0.382,0.04,0.169,1,0
1107,0,5121.85,549.466,0.377,0.051,0.164,1,0
1108,0,4758.598,488.756,0.382,0.048,0.183,0,0
1109,2,4043.168,371.179,0.377,0.051,0.164,1,0
1110,10,3766.97,449,0.382,0.04,0.184,0,0
1111,0,4342.968,373.549,0.382,0.046,0.18,1,0
1112,10,8465.28,693.499,0.382,0.046,0.18,0,0
1113,8,5516.18,596.763,0.382,0.04,0.169,0,0
1114,8,17200.196,2664.057,0.382,0.04,0.179,0,0
1115,11,5225.296,358.688,0.382,0.044,0.205,1,2
